2002_news,20231123,-1
2002_news,20231124,-1
2002_news,20231127,1
2002_news,20231128,-1
2002_news,20231129,1
2002_news,20231130,-1
2002_news,20231203,-1
2002_news,20231204,1
2002_news,20231205,-1
2002_news,20231206,1
2002_news,20231207,1
2002_news,20231208,-1
2002_news,20231211,1
2002_news,20231212,1
2002_news,20231213,1
2002_news,20231214,1
2002_news,20231218,1
2002_news,20231219,1
2002_news,20231220,-1
2002_news,20231221,1
2002_news,20231222,1
2002_news,20231225,-1
2002_news,20231227,1
2002_news,20231228,1
2002_news,20231231,1
2002_news_chinatime,2002n_20231212,1
2002_news_chinatime,2002n_20231213,1
2002_news_chinatime,2002n_20231215,1
2002_news_chinatime,2002n_20231216,-1
2002_news_chinatime,2002n_20231218,1
2002_news_chinatime,2002n_20231228,1
2002_news_ltn,2002n_20231123,-1
2002_news_ltn,2002n_20231124,-1
2002_news_ltn,2002n_20231127,1
2002_news_ltn,2002n_20231128,-1
2002_news_ltn,2002n_20231129,1
2002_news_ltn,2002n_20231130,-1
2002_news_ltn,2002n_20231203,-1
2002_news_ltn,2002n_20231204,-1
2002_news_ltn,2002n_20231205,-1
2002_news_ltn,2002n_20231206,1
2002_news_ltn,2002n_20231207,1
2002_news_ltn,2002n_20231208,-1
2002_news_ltn,2002n_20231211,1
2002_news_ltn,2002n_20231212,1
2002_news_ltn,2002n_20231213,1
2002_news_ltn,2002n_20231217,1
2002_news_ltn,2002n_20231218,1
2002_news_ltn,2002n_20231219,1
2002_news_ltn,2002n_20231220,-1
2002_news_ltn,2002n_20231221,1
2002_news_ltn,2002n_20231222,1
2002_news_ltn,2002n_20231227,1
2002_news_ltn,2002n_20231231,-1
2002_news_tvbs,2002n_20220107,-1
2002_news_tvbs,2002n_20220108,-1
2002_news_tvbs,2002n_20220201,-1
2002_news_tvbs,2002n_20220214,1
2002_news_tvbs,2002n_20220310,1
2002_news_tvbs,2002n_20220419,-1
2002_news_tvbs,2002n_20220628,-1
2002_news_tvbs,2002n_20220715,-1
2002_news_tvbs,2002n_20220719,-1
2002_news_tvbs,2002n_20220809,1
2002_news_tvbs,2002n_20221112,-1
2002_news_tvbs,2002n_20230130,1
2002_news_tvbs,2002n_20230414,1
